category,date,week,rank,asin,product_title,product_price,product_star_rating,product_num_ratings,product_url,product_photo,rank_change_label,pct_rank,pct_price,pct_rating,pct_num_ratings,is_new,is_removed,status,brand,product_original_price,price_change,ranking
lawn-garden/3737941,2025-08-20,34,7,B0000AH849,"Summit...responsible solutions 110-12 Mosquito Dunks, 6-Pack",8.0064658273843,4.556971769197231,26507,https://www.amazon.com/dp/B0000AH849,"https://images-na.ssl-images-amazon.com/images/I/71rD5sP3z5L._AC_UL900_SR900,600_.jpg",,,,,,True,False,new,Summit...responsible,8.70125342715402,,5.0
lawn-garden/3737941,2025-08-27,35,7,B0000AH849,"Summit...responsible solutions 110-12 Mosquito Dunks, 6-Pack",7.723672872909668,4.691390272466361,26262,https://www.amazon.com/dp/B0000AH849,"https://images-na.ssl-images-amazon.com/images/I/71rD5sP3z5L._AC_UL900_SR900,600_.jpg",,,,,,True,False,new,Summit...responsible,8.296812089986968,-3.53205722189438,4.0
lawn-garden/3737941,2025-09-03,36,7,B0000AH849,"Summit...responsible solutions 110-12 Mosquito Dunks, 6-Pack",7.045689106934984,4.267187878541967,26016,https://www.amazon.com/dp/B0000AH849,"https://images-na.ssl-images-amazon.com/images/I/71rD5sP3z5L._AC_UL900_SR900,600_.jpg",,,,,,True,False,new,Summit...responsible,7.500061984476121,-8.77799690808595,14.0
lawn-garden/3737941,2025-09-10,37,7,B0000AH849,"Summit...responsible solutions 110-12 Mosquito Dunks, 6-Pack",7.023100994504817,4.4657386003879385,26099,https://www.amazon.com/dp/B0000AH849,"https://images-na.ssl-images-amazon.com/images/I/71rD5sP3z5L._AC_UL900_SR900,600_.jpg",,,,,,True,False,new,Summit...responsible,7.727292599025589,-0.32059479331743024,7.0
lawn-garden/3737941,2025-09-17,38,7,B0000AH849,"Summit...responsible solutions 110-12 Mosquito Dunks, 6-Pack",8.455868412570387,4.251069377495218,25153,https://www.amazon.com/dp/B0000AH849,"https://images-na.ssl-images-amazon.com/images/I/71rD5sP3z5L._AC_UL900_SR900,600_.jpg",,,,,,True,False,new,Summit...responsible,9.119519207101643,20.40078049833871,12.0
lawn-garden/3737941,2025-08-20,34,8,B0001AUF8G,SUMMIT CHEMICAL CO 117-6 30OZ Mosquito Bits,12.060462834669726,4.662037993242041,43657,https://www.amazon.com/dp/B0001AUF8G,"https://images-na.ssl-images-amazon.com/images/I/81weRy5SDtL._AC_UL900_SR900,600_.jpg",,,,,,True,False,new,SUMMIT,12.829342599989356,,3.0
lawn-garden/3737941,2025-08-27,35,8,B0001AUF8G,SUMMIT CHEMICAL CO 117-6 30OZ Mosquito Bits,12.369845667882624,4.2358974651187635,42890,https://www.amazon.com/dp/B0001AUF8G,"https://images-na.ssl-images-amazon.com/images/I/81weRy5SDtL._AC_UL900_SR900,600_.jpg",,,,,,True,False,new,SUMMIT,13.843017269921097,2.5652650105892016,14.0
lawn-garden/3737941,2025-09-03,36,8,B0001AUF8G,SUMMIT CHEMICAL CO 117-6 30OZ Mosquito Bits,12.56432378378858,4.506538617105369,43138,https://www.amazon.com/dp/B0001AUF8G,"https://images-na.ssl-images-amazon.com/images/I/81weRy5SDtL._AC_UL900_SR900,600_.jpg",,,,,,True,False,new,SUMMIT,13.213381458329978,1.572195168213808,6.0
lawn-garden/3737941,2025-09-10,37,8,B0001AUF8G,SUMMIT CHEMICAL CO 117-6 30OZ Mosquito Bits,11.32883515249428,4.601181497353543,42926,https://www.amazon.com/dp/B0001AUF8G,"https://images-na.ssl-images-amazon.com/images/I/81weRy5SDtL._AC_UL900_SR900,600_.jpg",,,,,,True,False,new,SUMMIT,11.941470395818348,-9.833307805139658,2.0
lawn-garden/3737941,2025-09-17,38,8,B0001AUF8G,SUMMIT CHEMICAL CO 117-6 30OZ Mosquito Bits,12.666530789904956,4.480117826456537,42967,https://www.amazon.com/dp/B0001AUF8G,"https://images-na.ssl-images-amazon.com/images/I/81weRy5SDtL._AC_UL900_SR900,600_.jpg",,,,,,True,False,new,SUMMIT,13.978497982628657,11.80788332961269,5.0
lawn-garden/3737941,2025-08-20,34,3,B000KL1LDE,"Combat Max 12 Month Roach Killing Bait, Small Roach Bait Station, Child-Resistant, 18 Count",11.059125187347114,4.044426791040454,40301,https://www.amazon.com/dp/B000KL1LDE,"https://images-na.ssl-images-amazon.com/images/I/81DkPsDClbL._AC_UL900_SR900,600_.jpg",,,,,,True,False,new,Combat,12.566598330353106,,17.0
lawn-garden/3737941,2025-08-27,35,3,B000KL1LDE,"Combat Max 12 Month Roach Killing Bait, Small Roach Bait Station, Child-Resistant, 18 Count",11.151838076898242,4.42411440630857,41025,https://www.amazon.com/dp/B000KL1LDE,"https://images-na.ssl-images-amazon.com/images/I/81DkPsDClbL._AC_UL900_SR900,600_.jpg",,,,,,True,False,new,Combat,12.522406970232279,0.8383383674614997,9.0
lawn-garden/3737941,2025-09-03,36,3,B000KL1LDE,"Combat Max 12 Month Roach Killing Bait, Small Roach Bait Station, Child-Resistant, 18 Count",9.59740725044016,4.59213216196031,40382,https://www.amazon.com/dp/B000KL1LDE,"https://images-na.ssl-images-amazon.com/images/I/81DkPsDClbL._AC_UL900_SR900,600_.jpg",,,,,,True,False,new,Combat,10.082577413654151,-13.938785837270961,3.0
lawn-garden/3737941,2025-09-10,37,3,B000KL1LDE,"Combat Max 12 Month Roach Killing Bait, Small Roach Bait Station, Child-Resistant, 18 Count",10.579576382466007,4.084554534984857,41248,https://www.amazon.com/dp/B000KL1LDE,"https://images-na.ssl-images-amazon.com/images/I/81DkPsDClbL._AC_UL900_SR900,600_.jpg",,,,,,True,False,new,Combat,11.957245624756405,10.233692354576318,16.0
lawn-garden/3737941,2025-09-17,38,3,B000KL1LDE,"Combat Max 12 Month Roach Killing Bait, Small Roach Bait Station, Child-Resistant, 18 Count",10.256444953768533,4.162809419064337,40490,https://www.amazon.com/dp/B000KL1LDE,"https://images-na.ssl-images-amazon.com/images/I/81DkPsDClbL._AC_UL900_SR900,600_.jpg",,,,,,True,False,new,Combat,11.057406134879217,-3.0542945862465087,14.0
lawn-garden/3737941,2025-08-20,34,15,B0012XH8WM,"Combat Roach Killing Bait, Roach Bait Station For Large Roaches, Kills The Nest, Child-Resistant, 8 Count,Insects",7.2139559326513885,4.167960338167566,36458,https://www.amazon.com/dp/B0012XH8WM,"https://images-na.ssl-images-amazon.com/images/I/81WMVpygJOL._AC_UL900_SR900,600_.jpg",,,,,,True,False,new,Combat,7.877351365253142,,14.0
lawn-garden/3737941,2025-08-27,35,15,B0012XH8WM,"Combat Roach Killing Bait, Roach Bait Station For Large Roaches, Kills The Nest, Child-Resistant, 8 Count,Insects",6.640839571634105,4.329535998823673,35230,https://www.amazon.com/dp/B0012XH8WM,"https://images-na.ssl-images-amazon.com/images/I/81WMVpygJOL._AC_UL900_SR900,600_.jpg",,,,,,True,False,new,Combat,7.4474332383353055,-7.94455034613224,12.0
lawn-garden/3737941,2025-09-03,36,15,B0012XH8WM,"Combat Roach Killing Bait, Roach Bait Station For Large Roaches, Kills The Nest, Child-Resistant, 8 Count,Insects",7.459700208476064,4.417584523656219,34797,https://www.amazon.com/dp/B0012XH8WM,"https://images-na.ssl-images-amazon.com/images/I/81WMVpygJOL._AC_UL900_SR900,600_.jpg",,,,,,True,False,new,Combat,7.949382562882555,12.33067939691943,9.0
lawn-garden/3737941,2025-09-10,37,15,B0012XH8WM,"Combat Roach Killing Bait, Roach Bait Station For Large Roaches, Kills The Nest, Child-Resistant, 8 Count,Insects",6.400682021116488,4.015210446049275,35823,https://www.amazon.com/dp/B0012XH8WM,"https://images-na.ssl-images-amazon.com/images/I/81WMVpygJOL._AC_UL900_SR900,600_.jpg",,,,,,True,False,new,Combat,7.33687676222084,-14.196524763237395,18.0
lawn-garden/3737941,2025-09-17,38,15,B0012XH8WM,"Combat Roach Killing Bait, Roach Bait Station For Large Roaches, Kills The Nest, Child-Resistant, 8 Count,Insects",7.012787886925071,4.193773883764748,35067,https://www.amazon.com/dp/B0012XH8WM,"https://images-na.ssl-images-amazon.com/images/I/81WMVpygJOL._AC_UL900_SR900,600_.jpg",,,,,,True,False,new,Combat,7.671268627454402,9.563135050127226,13.0
lawn-garden/3737941,2025-08-20,34,10,B001ACMBJK,"Combat Max Large Roach Killing Bait, 8 count (Pack of 1)",8.078883913716743,4.156204860696856,4737,https://www.amazon.com/dp/B001ACMBJK,"https://images-na.ssl-images-amazon.com/images/I/81qhzyBijRL._AC_UL900_SR900,600_.jpg",,,,,,True,False,new,Combat,8.779901438018209,,15.0
lawn-garden/3737941,2025-08-27,35,10,B001ACMBJK,"Combat Max Large Roach Killing Bait, 8 count (Pack of 1)",7.691687118865873,4.547894843070814,5012,https://www.amazon.com/dp/B001ACMBJK,"https://images-na.ssl-images-amazon.com/images/I/81qhzyBijRL._AC_UL900_SR900,600_.jpg",,,,,,True,False,new,Combat,8.582086736099834,-4.792701553657275,7.0
lawn-garden/3737941,2025-09-03,36,10,B001ACMBJK,"Combat Max Large Roach Killing Bait, 8 count (Pack of 1)",7.530485279280132,4.527307532808522,4767,https://www.amazon.com/dp/B001ACMBJK,"https://images-na.ssl-images-amazon.com/images/I/81qhzyBijRL._AC_UL900_SR900,600_.jpg",,,,,,True,False,new,Combat,8.085669619335869,-2.0957929917657547,5.0
lawn-garden/3737941,2025-09-10,37,10,B001ACMBJK,"Combat Max Large Roach Killing Bait, 8 count (Pack of 1)",7.334745639328455,4.498101061464834,5463,https://www.amazon.com/dp/B001ACMBJK,"https://images-na.ssl-images-amazon.com/images/I/81qhzyBijRL._AC_UL900_SR900,600_.jpg",,,,,,True,False,new,Combat,8.179679921809656,-2.5992964954097753,4.0
lawn-garden/3737941,2025-09-17,38,10,B001ACMBJK,"Combat Max Large Roach Killing Bait, 8 count (Pack of 1)",8.605295376512164,4.463857435795754,4647,https://www.amazon.com/dp/B001ACMBJK,"https://images-na.ssl-images-amazon.com/images/I/81qhzyBijRL._AC_UL900_SR900,600_.jpg",,,,,,True,False,new,Combat,9.043474479913185,17.322342173273174,6.0
lawn-garden/3737941,2025-08-20,34,16,B001B1KGCO,"TERRO T901-6 Ant Killer Plus Multi-Purpose Insect Control for Outdoors - Kills Fire Ants, Fleas, Cockroaches, and Other Crawl",6.336153789622229,4.324767568775883,12759,https://www.amazon.com/dp/B001B1KGCO,"https://images-na.ssl-images-amazon.com/images/I/91-rR8TqbYL._AC_UL900_SR900,600_.jpg",,,,,,True,False,new,TERRO,7.049515946775881,,8.0
lawn-garden/3737941,2025-08-27,35,16,B001B1KGCO,"TERRO T901-6 Ant Killer Plus Multi-Purpose Insect Control for Outdoors - Kills Fire Ants, Fleas, Cockroaches, and Other Crawl",6.514443406654561,4.360310989542784,14290,https://www.amazon.com/dp/B001B1KGCO,"https://images-na.ssl-images-amazon.com/images/I/91-rR8TqbYL._AC_UL900_SR900,600_.jpg",,,,,,True,False,new,TERRO,7.253893741637579,2.8138461115692293,11.0
lawn-garden/3737941,2025-09-03,36,16,B001B1KGCO,"TERRO T901-6 Ant Killer Plus Multi-Purpose Insect Control for Outdoors - Kills Fire Ants, Fleas, Cockroaches, and Other Crawl",6.409380819947496,4.3949695250701,13861,https://www.amazon.com/dp/B001B1KGCO,"https://images-na.ssl-images-amazon.com/images/I/91-rR8TqbYL._AC_UL900_SR900,600_.jpg",,,,,,True,False,new,TERRO,7.0333159495876245,-1.6127638256822063,10.0
lawn-garden/3737941,2025-09-10,37,16,B001B1KGCO,"TERRO T901-6 Ant Killer Plus Multi-Purpose Insect Control for Outdoors - Kills Fire Ants, Fleas, Cockroaches, and Other Crawl",6.293064523149879,4.16964358430415,13695,https://www.amazon.com/dp/B001B1KGCO,"https://images-na.ssl-images-amazon.com/images/I/91-rR8TqbYL._AC_UL900_SR900,600_.jpg",,,,,,True,False,new,TERRO,6.906118399470931,-1.8147821149215093,13.0
lawn-garden/3737941,2025-09-17,38,16,B001B1KGCO,"TERRO T901-6 Ant Killer Plus Multi-Purpose Insect Control for Outdoors - Kills Fire Ants, Fleas, Cockroaches, and Other Crawl",6.6183369993646135,4.313583607190758,13990,https://www.amazon.com/dp/B001B1KGCO,"https://images-na.ssl-images-amazon.com/images/I/91-rR8TqbYL._AC_UL900_SR900,600_.jpg",,,,,,True,False,new,TERRO,7.450821944603934,5.168745291235699,10.0
lawn-garden/3737941,2025-08-20,34,20,B001B1LI8A,"Harris Roach Tablets, Boric Acid Roach and Insects Killer with Lure, Alternative to Bait Traps (6oz, 145 Tablets), Yellow",5.4930170995130405,3.9709308379897568,39716,https://www.amazon.com/dp/B001B1LI8A,"https://images-na.ssl-images-amazon.com/images/I/81GujvnXlmL._AC_UL900_SR900,600_.jpg",,,,,,True,False,new,Harris,5.823214813397793,,18.0
lawn-garden/3737941,2025-08-27,35,20,B001B1LI8A,"Harris Roach Tablets, Boric Acid Roach and Insects Killer with Lure, Alternative to Bait Traps (6oz, 145 Tablets), Yellow",5.1589578434338055,4.13262250965498,39464,https://www.amazon.com/dp/B001B1LI8A,"https://images-na.ssl-images-amazon.com/images/I/81GujvnXlmL._AC_UL900_SR900,600_.jpg",,,,,,True,False,new,Harris,5.490674541572723,-6.081525872345262,16.0
lawn-garden/3737941,2025-09-03,36,20,B001B1LI8A,"Harris Roach Tablets, Boric Acid Roach and Insects Killer with Lure, Alternative to Bait Traps (6oz, 145 Tablets), Yellow",5.214174798109495,3.6345352560099866,40190,https://www.amazon.com/dp/B001B1LI8A,"https://images-na.ssl-images-amazon.com/images/I/81GujvnXlmL._AC_UL900_SR900,600_.jpg",,,,,,True,False,new,Harris,5.76141750291954,1.0703121900088375,20.0
lawn-garden/3737941,2025-09-10,37,20,B001B1LI8A,"Harris Roach Tablets, Boric Acid Roach and Insects Killer with Lure, Alternative to Bait Traps (6oz, 145 Tablets), Yellow",5.400109268144428,4.0514247176626075,40188,https://www.amazon.com/dp/B001B1LI8A,"https://images-na.ssl-images-amazon.com/images/I/81GujvnXlmL._AC_UL900_SR900,600_.jpg",,,,,,True,False,new,Harris,5.719367023790106,3.5659424018992913,17.0
lawn-garden/3737941,2025-09-17,38,20,B001B1LI8A,"Harris Roach Tablets, Boric Acid Roach and Insects Killer with Lure, Alternative to Bait Traps (6oz, 145 Tablets), Yellow",5.166177124945365,3.7759264630188385,40173,https://www.amazon.com/dp/B001B1LI8A,"https://images-na.ssl-images-amazon.com/images/I/81GujvnXlmL._AC_UL900_SR900,600_.jpg",,,,,,True,False,new,Harris,5.594279906799697,-4.331989068796116,20.0
lawn-garden/3737941,2025-08-20,34,5,B001EGMZC0,"Hot Shot Liquid Roach Bait, Roach Killer, 1 Pack, 6-Count",10.999815887488761,4.211942035331622,28228,https://www.amazon.com/dp/B001EGMZC0,"https://images-na.ssl-images-amazon.com/images/I/81x2YbQ3OwL._AC_UL900_SR900,600_.jpg",,,,,,True,False,new,Hot,12.437975986560206,,12.0
lawn-garden/3737941,2025-08-27,35,5,B001EGMZC0,"Hot Shot Liquid Roach Bait, Roach Killer, 1 Pack, 6-Count",11.0090416672166,4.480042253906254,27930,https://www.amazon.com/dp/B001EGMZC0,"https://images-na.ssl-images-amazon.com/images/I/81x2YbQ3OwL._AC_UL900_SR900,600_.jpg",,,,,,True,False,new,Hot,12.518888345448804,0.08387212860836435,8.0
lawn-garden/3737941,2025-09-03,36,5,B001EGMZC0,"Hot Shot Liquid Roach Bait, Roach Killer, 1 Pack, 6-Count",9.807527395229624,4.146187945897276,27776,https://www.amazon.com/dp/B001EGMZC0,"https://images-na.ssl-images-amazon.com/images/I/81x2YbQ3OwL._AC_UL900_SR900,600_.jpg",,,,,,True,False,new,Hot,11.209707284454149,-10.9138861338396,16.0
lawn-garden/3737941,2025-09-10,37,5,B001EGMZC0,"Hot Shot Liquid Roach Bait, Roach Killer, 1 Pack, 6-Count",9.850032083254765,4.346229753821378,27187,https://www.amazon.com/dp/B001EGMZC0,"https://images-na.ssl-images-amazon.com/images/I/81x2YbQ3OwL._AC_UL900_SR900,600_.jpg",,,,,,True,False,new,Hot,11.086753982936374,0.4333884200600435,10.0
lawn-garden/3737941,2025-09-17,38,5,B001EGMZC0,"Hot Shot Liquid Roach Bait, Roach Killer, 1 Pack, 6-Count",9.398184131114286,4.481846246758269,28225,https://www.amazon.com/dp/B001EGMZC0,"https://images-na.ssl-images-amazon.com/images/I/81x2YbQ3OwL._AC_UL900_SR900,600_.jpg",,,,,,True,False,new,Hot,10.721041020988357,-4.587273912626422,4.0
lawn-garden/3737941,2025-08-20,34,13,B0026MD0G6,HARRIS Boric Acid Roach and Silverfish Killer Powder w/Lure for Insects (16oz),6.974666912311931,4.1027970941109215,26522,https://www.amazon.com/dp/B0026MD0G6,"https://images-na.ssl-images-amazon.com/images/I/71B7SBjoDnL._AC_UL900_SR900,600_.jpg",,,,,,True,False,new,HARRIS,7.7267313944728375,,16.0
lawn-garden/3737941,2025-08-27,35,13,B0026MD0G6,HARRIS Boric Acid Roach and Silverfish Killer Powder w/Lure for Insects (16oz),6.664053326426428,4.321180126354622,28834,https://www.amazon.com/dp/B0026MD0G6,"https://images-na.ssl-images-amazon.com/images/I/71B7SBjoDnL._AC_UL900_SR900,600_.jpg",,,,,,True,False,new,HARRIS,7.52757647133789,-4.4534540472061295,13.0
lawn-garden/3737941,2025-09-03,36,13,B0026MD0G6,HARRIS Boric Acid Roach and Silverfish Killer Powder w/Lure for Insects (16oz),6.944991580242654,4.447944331533883,27165,https://www.amazon.com/dp/B0026MD0G6,"https://images-na.ssl-images-amazon.com/images/I/71B7SBjoDnL._AC_UL900_SR900,600_.jpg",,,,,,True,False,new,HARRIS,7.846656488902042,4.215726376350548,7.0
lawn-garden/3737941,2025-09-10,37,13,B0026MD0G6,HARRIS Boric Acid Roach and Silverfish Killer Powder w/Lure for Insects (16oz),6.202907846478254,4.385616693287108,27434,https://www.amazon.com/dp/B0026MD0G6,"https://images-na.ssl-images-amazon.com/images/I/71B7SBjoDnL._AC_UL900_SR900,600_.jpg",,,,,,True,False,new,HARRIS,7.015559112041429,-10.68516390826887,9.0
lawn-garden/3737941,2025-09-17,38,13,B0026MD0G6,HARRIS Boric Acid Roach and Silverfish Killer Powder w/Lure for Insects (16oz),6.958320755074774,4.344461170652523,27449,https://www.amazon.com/dp/B0026MD0G6,"https://images-na.ssl-images-amazon.com/images/I/71B7SBjoDnL._AC_UL900_SR900,600_.jpg",,,,,,True,False,new,HARRIS,7.556382266708328,12.178367425294102,8.0
lawn-garden/3737941,2025-08-20,34,4,B00730QW70,"Advion Cockroach Gel Bait, 4 Tubes x 30-Grams, 4 Plunger and 4 Tips, German Roach Insect Pest Control, Indoor and Outdoor Use",26.303213955997936,4.315251476046456,67204,https://www.amazon.com/dp/B00730QW70,"https://images-na.ssl-images-amazon.com/images/I/71sGQGrxynL._AC_UL900_SR900,600_.jpg",,,,,,True,False,new,Advion,27.90216378262011,,9.0
lawn-garden/3737941,2025-08-27,35,4,B00730QW70,"Advion Cockroach Gel Bait, 4 Tubes x 30-Grams, 4 Plunger and 4 Tips, German Roach Insect Pest Control, Indoor and Outdoor Use",28.082070589517,4.636766318541698,66405,https://www.amazon.com/dp/B00730QW70,"https://images-na.ssl-images-amazon.com/images/I/71sGQGrxynL._AC_UL900_SR900,600_.jpg",,,,,,True,False,new,Advion,30.95411614040916,6.762886985958727,5.0
lawn-garden/3737941,2025-09-03,36,4,B00730QW70,"Advion Cockroach Gel Bait, 4 Tubes x 30-Grams, 4 Plunger and 4 Tips, German Roach Insect Pest Control, Indoor and Outdoor Use",26.541683270514486,4.37175654756298,67100,https://www.amazon.com/dp/B00730QW70,"https://images-na.ssl-images-amazon.com/images/I/71sGQGrxynL._AC_UL900_SR900,600_.jpg",,,,,,True,False,new,Advion,29.761839157722036,-5.485305344889834,11.0
lawn-garden/3737941,2025-09-10,37,4,B00730QW70,"Advion Cockroach Gel Bait, 4 Tubes x 30-Grams, 4 Plunger and 4 Tips, German Roach Insect Pest Control, Indoor and Outdoor Use",25.681023633318205,4.495109993216047,66828,https://www.amazon.com/dp/B00730QW70,"https://images-na.ssl-images-amazon.com/images/I/71sGQGrxynL._AC_UL900_SR900,600_.jpg",,,,,,True,False,new,Advion,29.243527955972485,-3.242671643785311,5.0
lawn-garden/3737941,2025-09-17,38,4,B00730QW70,"Advion Cockroach Gel Bait, 4 Tubes x 30-Grams, 4 Plunger and 4 Tips, German Roach Insect Pest Control, Indoor and Outdoor Use",27.348165401005506,4.498538814911589,66268,https://www.amazon.com/dp/B00730QW70,"https://images-na.ssl-images-amazon.com/images/I/71sGQGrxynL._AC_UL900_SR900,600_.jpg",,,,,,True,False,new,Advion,28.889394098679503,6.491726309244061,3.0
lawn-garden/3737941,2025-08-20,34,1,B00E4GACB8,TERRO Ant Killer Bait Stations T300B - Liquid Bait to Eliminate Ants - Bait System - 12 Count Stations for Effective Indoor A,11.50224536340105,4.35860326840383,141473,https://www.amazon.com/dp/B00E4GACB8,"https://images-na.ssl-images-amazon.com/images/I/81CRcsNV1+L._AC_UL900_SR900,600_.jpg",,,,,,True,False,new,TERRO,12.217729003661203,,6.0
lawn-garden/3737941,2025-08-27,35,1,B00E4GACB8,TERRO Ant Killer Bait Stations T300B - Liquid Bait to Eliminate Ants - Bait System - 12 Count Stations for Effective Indoor A,13.04463197618448,4.879379219844735,141960,https://www.amazon.com/dp/B00E4GACB8,"https://images-na.ssl-images-amazon.com/images/I/81CRcsNV1+L._AC_UL900_SR900,600_.jpg",,,,,,True,False,new,TERRO,14.751388164663977,13.409439322961614,1.0
lawn-garden/3737941,2025-09-03,36,1,B00E4GACB8,TERRO Ant Killer Bait Stations T300B - Liquid Bait to Eliminate Ants - Bait System - 12 Count Stations for Effective Indoor A,12.19124047785573,4.327870247631998,141198,https://www.amazon.com/dp/B00E4GACB8,"https://images-na.ssl-images-amazon.com/images/I/81CRcsNV1+L._AC_UL900_SR900,600_.jpg",,,,,,True,False,new,TERRO,12.88010846310363,-6.5420894961757625,12.0
lawn-garden/3737941,2025-09-10,37,1,B00E4GACB8,TERRO Ant Killer Bait Stations T300B - Liquid Bait to Eliminate Ants - Bait System - 12 Count Stations for Effective Indoor A,12.652711251574877,4.419804269295016,141067,https://www.amazon.com/dp/B00E4GACB8,"https://images-na.ssl-images-amazon.com/images/I/81CRcsNV1+L._AC_UL900_SR900,600_.jpg",,,,,,True,False,new,TERRO,13.935992800639937,3.785265121768089,8.0
lawn-garden/3737941,2025-09-17,38,1,B00E4GACB8,TERRO Ant Killer Bait Stations T300B - Liquid Bait to Eliminate Ants - Bait System - 12 Count Stations for Effective Indoor A,12.237775829965377,4.383696316391225,141319,https://www.amazon.com/dp/B00E4GACB8,"https://images-na.ssl-images-amazon.com/images/I/81CRcsNV1+L._AC_UL900_SR900,600_.jpg",,,,,,True,False,new,TERRO,13.407792844426039,-3.2794190380172616,7.0
lawn-garden/3737941,2025-08-20,34,2,B0148W0WOE,"Advion Cockroach Gel Bait, 4 Tubes x 30-Grams, 1 Plunger and 2 Tips, German Roach Insect Pest Control, Indoor and Outdoor Use",24.60695019907632,4.327136373346322,53521,https://www.amazon.com/dp/B0148W0WOE,"https://images-na.ssl-images-amazon.com/images/I/71D+7sez6SL._AC_UL900_SR900,600_.jpg",,,,,,True,False,new,Advion,26.637836433764203,,7.0
lawn-garden/3737941,2025-08-27,35,2,B0148W0WOE,"Advion Cockroach Gel Bait, 4 Tubes x 30-Grams, 1 Plunger and 2 Tips, German Roach Insect Pest Control, Indoor and Outdoor Use",28.50297445379635,4.836896410256589,53805,https://www.amazon.com/dp/B0148W0WOE,"https://images-na.ssl-images-amazon.com/images/I/71D+7sez6SL._AC_UL900_SR900,600_.jpg",,,,,,True,False,new,Advion,30.18035312902001,15.83302369127515,2.0
lawn-garden/3737941,2025-09-03,36,2,B0148W0WOE,"Advion Cockroach Gel Bait, 4 Tubes x 30-Grams, 1 Plunger and 2 Tips, German Roach Insect Pest Control, Indoor and Outdoor Use",24.548637346953758,4.881750776658735,52457,https://www.amazon.com/dp/B0148W0WOE,"https://images-na.ssl-images-amazon.com/images/I/71D+7sez6SL._AC_UL900_SR900,600_.jpg",,,,,,True,False,new,Advion,27.678914671942678,-13.873419117196416,1.0
lawn-garden/3737941,2025-09-10,37,2,B0148W0WOE,"Advion Cockroach Gel Bait, 4 Tubes x 30-Grams, 1 Plunger and 2 Tips, German Roach Insect Pest Control, Indoor and Outdoor Use",24.93600710358409,4.697513370612389,53540,https://www.amazon.com/dp/B0148W0WOE,"https://images-na.ssl-images-amazon.com/images/I/71D+7sez6SL._AC_UL900_SR900,600_.jpg",,,,,,True,False,new,Advion,27.546084599693938,1.5779684678848271,1.0
lawn-garden/3737941,2025-09-17,38,2,B0148W0WOE,"Advion Cockroach Gel Bait, 4 Tubes x 30-Grams, 1 Plunger and 2 Tips, German Roach Insect Pest Control, Indoor and Outdoor Use",26.174727008983055,4.320633112669131,54362,https://www.amazon.com/dp/B0148W0WOE,"https://images-na.ssl-images-amazon.com/images/I/71D+7sez6SL._AC_UL900_SR900,600_.jpg",,,,,,True,False,new,Advion,29.86358468824329,4.967595253936707,9.0
lawn-garden/3737941,2025-08-20,34,6,B01DIOY0S2,"Raid Ant Killer Baits, Child Resistant Bug Killer for Indoor Home Use, 0.24 Oz, 8 Count",6.233216712756423,3.9181777614275766,28028,https://www.amazon.com/dp/B01DIOY0S2,"https://images-na.ssl-images-amazon.com/images/I/81UJfTI7EjL._AC_UL900_SR900,600_.jpg",,,,,,True,False,new,Raid,7.150610380311598,,19.0
lawn-garden/3737941,2025-08-27,35,6,B01DIOY0S2,"Raid Ant Killer Baits, Child Resistant Bug Killer for Indoor Home Use, 0.24 Oz, 8 Count",5.534598710065752,3.9025691028421767,27746,https://www.amazon.com/dp/B01DIOY0S2,"https://images-na.ssl-images-amazon.com/images/I/81UJfTI7EjL._AC_UL900_SR900,600_.jpg",,,,,,True,False,new,Raid,6.098458436158544,-11.20798513648552,19.0
lawn-garden/3737941,2025-09-03,36,6,B01DIOY0S2,"Raid Ant Killer Baits, Child Resistant Bug Killer for Indoor Home Use, 0.24 Oz, 8 Count",6.002875268487925,3.950446601889267,27956,https://www.amazon.com/dp/B01DIOY0S2,"https://images-na.ssl-images-amazon.com/images/I/81UJfTI7EjL._AC_UL900_SR900,600_.jpg",,,,,,True,False,new,Raid,6.436347580153597,8.460894510211192,18.0
lawn-garden/3737941,2025-09-10,37,6,B01DIOY0S2,"Raid Ant Killer Baits, Child Resistant Bug Killer for Indoor Home Use, 0.24 Oz, 8 Count",5.664066324725247,3.956264673175754,27974,https://www.amazon.com/dp/B01DIOY0S2,"https://images-na.ssl-images-amazon.com/images/I/81UJfTI7EjL._AC_UL900_SR900,600_.jpg",,,,,,True,False,new,Raid,5.95120737380419,-5.644111006957853,19.0
lawn-garden/3737941,2025-09-17,38,6,B01DIOY0S2,"Raid Ant Killer Baits, Child Resistant Bug Killer for Indoor Home Use, 0.24 Oz, 8 Count",6.464517377308345,3.890802084983118,28310,https://www.amazon.com/dp/B01DIOY0S2,"https://images-na.ssl-images-amazon.com/images/I/81UJfTI7EjL._AC_UL900_SR900,600_.jpg",,,,,,True,False,new,Raid,6.858886504025302,14.13209179929451,19.0
lawn-garden/3737941,2025-08-20,34,11,B01MT6BOR0,"Tomcat Mouse Killer Child and Dog Resistant, Refillable Station for Indoor and Outdoor, 1 Station and 16 Poison Block Refills",13.492337289195227,4.572357146201552,12527,https://www.amazon.com/dp/B01MT6BOR0,"https://images-na.ssl-images-amazon.com/images/I/71pDBqk7YsL._AC_UL900_SR900,600_.jpg",,,,,,True,False,new,Tomcat,14.18780874201071,,4.0
lawn-garden/3737941,2025-08-27,35,11,B01MT6BOR0,"Tomcat Mouse Killer Child and Dog Resistant, Refillable Station for Indoor and Outdoor, 1 Station and 16 Poison Block Refills",11.220303596750005,4.387283377544301,12210,https://www.amazon.com/dp/B01MT6BOR0,"https://images-na.ssl-images-amazon.com/images/I/71pDBqk7YsL._AC_UL900_SR900,600_.jpg",,,,,,True,False,new,Tomcat,11.98004233590488,-16.839437406183766,10.0
lawn-garden/3737941,2025-09-03,36,11,B01MT6BOR0,"Tomcat Mouse Killer Child and Dog Resistant, Refillable Station for Indoor and Outdoor, 1 Station and 16 Poison Block Refills",12.590721633873372,4.295510616291319,12950,https://www.amazon.com/dp/B01MT6BOR0,"https://images-na.ssl-images-amazon.com/images/I/71pDBqk7YsL._AC_UL900_SR900,600_.jpg",,,,,,True,False,new,Tomcat,13.573770381364822,12.213734016255252,13.0
lawn-garden/3737941,2025-09-10,37,11,B01MT6BOR0,"Tomcat Mouse Killer Child and Dog Resistant, Refillable Station for Indoor and Outdoor, 1 Station and 16 Poison Block Refills",12.725223792473212,4.476886782124989,12808,https://www.amazon.com/dp/B01MT6BOR0,"https://images-na.ssl-images-amazon.com/images/I/71pDBqk7YsL._AC_UL900_SR900,600_.jpg",,,,,,True,False,new,Tomcat,14.001101931713048,1.068264095665361,6.0
lawn-garden/3737941,2025-09-17,38,11,B01MT6BOR0,"Tomcat Mouse Killer Child and Dog Resistant, Refillable Station for Indoor and Outdoor, 1 Station and 16 Poison Block Refills",11.81770187185068,4.14639378602745,12600,https://www.amazon.com/dp/B01MT6BOR0,"https://images-na.ssl-images-amazon.com/images/I/71pDBqk7YsL._AC_UL900_SR900,600_.jpg",,,,,,True,False,new,Tomcat,13.462780989932666,-7.131677488920218,16.0
lawn-garden/3737941,2025-08-20,34,12,B083WPSXPZ,"Victor Rat Poisoning for Inside & Outside Use - Kills Rats, Mice, Meadow Voles | Mouse Poisoning for Indoor & Outdoor Areas, ",18.644222874954078,3.7840504091419143,5837,https://www.amazon.com/dp/B083WPSXPZ,"https://images-na.ssl-images-amazon.com/images/I/81wLUYTDYNL._AC_UL900_SR900,600_.jpg",,,,,,True,False,new,Victor,20.54281937483848,,20.0
lawn-garden/3737941,2025-08-27,35,12,B083WPSXPZ,"Victor Rat Poisoning for Inside & Outside Use - Kills Rats, Mice, Meadow Voles | Mouse Poisoning for Indoor & Outdoor Areas, ",18.461181613050012,4.1176178780049835,5320,https://www.amazon.com/dp/B083WPSXPZ,"https://images-na.ssl-images-amazon.com/images/I/81wLUYTDYNL._AC_UL900_SR900,600_.jpg",,,,,,True,False,new,Victor,20.51961670424567,-0.9817586022850877,17.0
lawn-garden/3737941,2025-09-03,36,12,B083WPSXPZ,"Victor Rat Poisoning for Inside & Outside Use - Kills Rats, Mice, Meadow Voles | Mouse Poisoning for Indoor & Outdoor Areas, ",16.35826712951072,3.8016956480116555,5004,https://www.amazon.com/dp/B083WPSXPZ,"https://images-na.ssl-images-amazon.com/images/I/81wLUYTDYNL._AC_UL900_SR900,600_.jpg",,,,,,True,False,new,Victor,18.087010864920504,-11.391006965950467,19.0
lawn-garden/3737941,2025-09-10,37,12,B083WPSXPZ,"Victor Rat Poisoning for Inside & Outside Use - Kills Rats, Mice, Meadow Voles | Mouse Poisoning for Indoor & Outdoor Areas, ",18.5544534421951,4.211805673280416,5338,https://www.amazon.com/dp/B083WPSXPZ,"https://images-na.ssl-images-amazon.com/images/I/81wLUYTDYNL._AC_UL900_SR900,600_.jpg",,,,,,True,False,new,Victor,21.0614136887653,13.425543765099723,12.0
lawn-garden/3737941,2025-09-17,38,12,B083WPSXPZ,"Victor Rat Poisoning for Inside & Outside Use - Kills Rats, Mice, Meadow Voles | Mouse Poisoning for Indoor & Outdoor Areas, ",18.434569838547915,3.9569104889903888,6118,https://www.amazon.com/dp/B083WPSXPZ,"https://images-na.ssl-images-amazon.com/images/I/81wLUYTDYNL._AC_UL900_SR900,600_.jpg",,,,,,True,False,new,Victor,21.138284907618253,-0.6461176774658073,18.0
lawn-garden/3737941,2025-08-20,34,17,B08C3PPYSV,"Advion Ant Gel Bait, 1 30-Gram Tube, 1 Plunger and 1 Tip, Effective Bait, Formulated with 0.05% Indoxacarb, Indoor and Outdoo",14.73429214119692,4.743210385173638,6054,https://www.amazon.com/dp/B08C3PPYSV,"https://images-na.ssl-images-amazon.com/images/I/61Bn7VLcqKL._AC_UL900_SR900,600_.jpg",,,,,,True,False,new,Advion,15.575898182611764,,1.0
lawn-garden/3737941,2025-08-27,35,17,B08C3PPYSV,"Advion Ant Gel Bait, 1 30-Gram Tube, 1 Plunger and 1 Tip, Effective Bait, Formulated with 0.05% Indoxacarb, Indoor and Outdoo",13.613074097574394,4.764878885265915,5296,https://www.amazon.com/dp/B08C3PPYSV,"https://images-na.ssl-images-amazon.com/images/I/61Bn7VLcqKL._AC_UL900_SR900,600_.jpg",,,,,,True,False,new,Advion,14.8193321842182,-7.609582006913063,3.0
lawn-garden/3737941,2025-09-03,36,17,B08C3PPYSV,"Advion Ant Gel Bait, 1 30-Gram Tube, 1 Plunger and 1 Tip, Effective Bait, Formulated with 0.05% Indoxacarb, Indoor and Outdoo",14.677741191364534,4.545284506725527,6707,https://www.amazon.com/dp/B08C3PPYSV,"https://images-na.ssl-images-amazon.com/images/I/61Bn7VLcqKL._AC_UL900_SR900,600_.jpg",,,,,,True,False,new,Advion,16.08423998361568,7.820916026453162,4.0
lawn-garden/3737941,2025-09-10,37,17,B08C3PPYSV,"Advion Ant Gel Bait, 1 30-Gram Tube, 1 Plunger and 1 Tip, Effective Bait, Formulated with 0.05% Indoxacarb, Indoor and Outdoo",13.874247212600642,4.2159067863249735,6145,https://www.amazon.com/dp/B08C3PPYSV,"https://images-na.ssl-images-amazon.com/images/I/61Bn7VLcqKL._AC_UL900_SR900,600_.jpg",,,,,,True,False,new,Advion,15.380679095799959,-5.474234545276069,11.0
lawn-garden/3737941,2025-09-17,38,17,B08C3PPYSV,"Advion Ant Gel Bait, 1 30-Gram Tube, 1 Plunger and 1 Tip, Effective Bait, Formulated with 0.05% Indoxacarb, Indoor and Outdoo",13.498461625649076,4.713893904712993,5424,https://www.amazon.com/dp/B08C3PPYSV,"https://images-na.ssl-images-amazon.com/images/I/61Bn7VLcqKL._AC_UL900_SR900,600_.jpg",,,,,,True,False,new,Advion,14.268641659807013,-2.708511540793901,1.0
lawn-garden/3737941,2025-08-20,34,18,B08HWHD58L,"advion 68663 Arena 12ct Bag Cockroach Bait Station, White",25.535786684585595,4.223210851475669,9630,https://www.amazon.com/dp/B08HWHD58L,"https://images-na.ssl-images-amazon.com/images/I/71V1U9CYdKL._AC_UL900_SR900,600_.jpg",,,,,,True,False,new,advion,28.79520759328039,,11.0
lawn-garden/3737941,2025-08-27,35,18,B08HWHD58L,"advion 68663 Arena 12ct Bag Cockroach Bait Station, White",24.85701570822565,4.106463726267833,9698,https://www.amazon.com/dp/B08HWHD58L,"https://images-na.ssl-images-amazon.com/images/I/71V1U9CYdKL._AC_UL900_SR900,600_.jpg",,,,,,True,False,new,advion,28.561966681015832,-2.658116566934199,18.0
lawn-garden/3737941,2025-09-03,36,18,B08HWHD58L,"advion 68663 Arena 12ct Bag Cockroach Bait Station, White",27.952099526313617,4.441042626282331,8979,https://www.amazon.com/dp/B08HWHD58L,"https://images-na.ssl-images-amazon.com/images/I/71V1U9CYdKL._AC_UL900_SR900,600_.jpg",,,,,,True,False,new,advion,31.595602395990532,12.451550316491723,8.0
lawn-garden/3737941,2025-09-10,37,18,B08HWHD58L,"advion 68663 Arena 12ct Bag Cockroach Bait Station, White",27.624607172497285,4.16911286486404,9503,https://www.amazon.com/dp/B08HWHD58L,"https://images-na.ssl-images-amazon.com/images/I/71V1U9CYdKL._AC_UL900_SR900,600_.jpg",,,,,,True,False,new,advion,30.74326743874679,-1.1716198760241103,14.0
lawn-garden/3737941,2025-09-17,38,18,B08HWHD58L,"advion 68663 Arena 12ct Bag Cockroach Bait Station, White",25.04903532626697,4.506925186581673,9014,https://www.amazon.com/dp/B08HWHD58L,"https://images-na.ssl-images-amazon.com/images/I/71V1U9CYdKL._AC_UL900_SR900,600_.jpg",,,,,,True,False,new,advion,26.35978104661605,-9.323469579667076,2.0
lawn-garden/3737941,2025-08-20,34,19,B08TDPSG86,"Raid Max Liquid Ant Bait; Kills Ants Where They Breed, for Indoor and Outdoor Use; 8 Bait Stations",9.628988647905649,4.170037180230483,4920,https://www.amazon.com/dp/B08TDPSG86,"https://images-na.ssl-images-amazon.com/images/I/8116csE8WJL._AC_UL900_SR900,600_.jpg",,,,,,True,False,new,Raid,10.718833414631666,,13.0
lawn-garden/3737941,2025-08-27,35,19,B08TDPSG86,"Raid Max Liquid Ant Bait; Kills Ants Where They Breed, for Indoor and Outdoor Use; 8 Bait Stations",9.012653627657636,4.143229185851558,4717,https://www.amazon.com/dp/B08TDPSG86,"https://images-na.ssl-images-amazon.com/images/I/8116csE8WJL._AC_UL900_SR900,600_.jpg",,,,,,True,False,new,Raid,9.545559828909854,-6.400828194787289,15.0
lawn-garden/3737941,2025-09-03,36,19,B08TDPSG86,"Raid Max Liquid Ant Bait; Kills Ants Where They Breed, for Indoor and Outdoor Use; 8 Bait Stations",10.000494240150818,4.095874479664645,5212,https://www.amazon.com/dp/B08TDPSG86,"https://images-na.ssl-images-amazon.com/images/I/8116csE8WJL._AC_UL900_SR900,600_.jpg",,,,,,True,False,new,Raid,10.889739866802163,10.960596660030731,17.0
lawn-garden/3737941,2025-09-10,37,19,B08TDPSG86,"Raid Max Liquid Ant Bait; Kills Ants Where They Breed, for Indoor and Outdoor Use; 8 Bait Stations",10.498576662421195,3.6618743213015597,5421,https://www.amazon.com/dp/B08TDPSG86,"https://images-na.ssl-images-amazon.com/images/I/8116csE8WJL._AC_UL900_SR900,600_.jpg",,,,,,True,False,new,Raid,11.971057583808905,4.980578062538488,20.0
lawn-garden/3737941,2025-09-17,38,19,B08TDPSG86,"Raid Max Liquid Ant Bait; Kills Ants Where They Breed, for Indoor and Outdoor Use; 8 Bait Stations",9.67192547342553,4.1584543953621385,4764,https://www.amazon.com/dp/B08TDPSG86,"https://images-na.ssl-images-amazon.com/images/I/8116csE8WJL._AC_UL900_SR900,600_.jpg",,,,,,True,False,new,Raid,10.881758647879886,-7.873935825554302,15.0
lawn-garden/3737941,2025-08-20,34,14,B0CF14DZS5,"Combat Max 2 in 1 Ant Bait Station, 4 Count",7.13075270327951,4.235654800233597,2580,https://www.amazon.com/dp/B0CF14DZS5,"https://images-na.ssl-images-amazon.com/images/I/81uiJdOoQdL._AC_UL900_SR900,600_.jpg",,,,,,True,False,new,Combat,8.183146323806325,,10.0
lawn-garden/3737941,2025-08-27,35,14,B0CF14DZS5,"Combat Max 2 in 1 Ant Bait Station, 4 Count",7.110571980436772,3.8512084789962606,2927,https://www.amazon.com/dp/B0CF14DZS5,"https://images-na.ssl-images-amazon.com/images/I/81uiJdOoQdL._AC_UL900_SR900,600_.jpg",,,,,,True,False,new,Combat,7.8505230741946965,-0.2830097141562238,20.0
lawn-garden/3737941,2025-09-03,36,14,B0CF14DZS5,"Combat Max 2 in 1 Ant Bait Station, 4 Count",6.970873644956068,4.261996131859166,3449,https://www.amazon.com/dp/B0CF14DZS5,"https://images-na.ssl-images-amazon.com/images/I/81uiJdOoQdL._AC_UL900_SR900,600_.jpg",,,,,,True,False,new,Combat,7.4698634384643805,-1.9646567936454917,15.0
lawn-garden/3737941,2025-09-10,37,14,B0CF14DZS5,"Combat Max 2 in 1 Ant Bait Station, 4 Count",6.64371925795406,4.1544999563414065,2670,https://www.amazon.com/dp/B0CF14DZS5,"https://images-na.ssl-images-amazon.com/images/I/81uiJdOoQdL._AC_UL900_SR900,600_.jpg",,,,,,True,False,new,Combat,7.060320658334847,-4.693161914342381,15.0
lawn-garden/3737941,2025-09-17,38,14,B0CF14DZS5,"Combat Max 2 in 1 Ant Bait Station, 4 Count",6.295887876029878,4.079358810879476,2787,https://www.amazon.com/dp/B0CF14DZS5,"https://images-na.ssl-images-amazon.com/images/I/81uiJdOoQdL._AC_UL900_SR900,600_.jpg",,,,,,True,False,new,Combat,6.952325247496182,-5.235491874641562,17.0
lawn-garden/3737941,2025-08-20,34,9,B0F1H7DYTP,"Tomcat with Bromethalin Bait Chunx Pail, Rat and Mice Control for Agricultural Use and Professional Applicators, 4.25 lbs.",38.77624808186032,4.667925327514574,0,https://www.amazon.com/dp/B0F1H7DYTP,"https://images-na.ssl-images-amazon.com/images/I/71mRczEEboL._AC_UL900_SR900,600_.jpg",,,,,,True,False,new,Tomcat,41.341795997441814,,2.0
lawn-garden/3737941,2025-08-27,35,9,B0F1H7DYTP,"Tomcat with Bromethalin Bait Chunx Pail, Rat and Mice Control for Agricultural Use and Professional Applicators, 4.25 lbs.",34.904610518061936,4.635573407322144,635,https://www.amazon.com/dp/B0F1H7DYTP,"https://images-na.ssl-images-amazon.com/images/I/71mRczEEboL._AC_UL900_SR900,600_.jpg",,,,,,True,False,new,Tomcat,39.78116946550523,-9.984559505666946,6.0
lawn-garden/3737941,2025-09-03,36,9,B0F1H7DYTP,"Tomcat with Bromethalin Bait Chunx Pail, Rat and Mice Control for Agricultural Use and Professional Applicators, 4.25 lbs.",33.06115372266686,4.738329454771996,374,https://www.amazon.com/dp/B0F1H7DYTP,"https://images-na.ssl-images-amazon.com/images/I/71mRczEEboL._AC_UL900_SR900,600_.jpg",,,,,,True,False,new,Tomcat,35.83508301264267,-5.281413452360839,2.0
lawn-garden/3737941,2025-09-10,37,9,B0F1H7DYTP,"Tomcat with Bromethalin Bait Chunx Pail, Rat and Mice Control for Agricultural Use and Professional Applicators, 4.25 lbs.",36.38733544189294,4.517790347013604,0,https://www.amazon.com/dp/B0F1H7DYTP,"https://images-na.ssl-images-amazon.com/images/I/71mRczEEboL._AC_UL900_SR900,600_.jpg",,,,,,True,False,new,Tomcat,39.08673825762608,10.06069463615129,3.0
lawn-garden/3737941,2025-09-17,38,9,B0F1H7DYTP,"Tomcat with Bromethalin Bait Chunx Pail, Rat and Mice Control for Agricultural Use and Professional Applicators, 4.25 lbs.",34.84599559485976,4.268084112744353,651,https://www.amazon.com/dp/B0F1H7DYTP,"https://images-na.ssl-images-amazon.com/images/I/71mRczEEboL._AC_UL900_SR900,600_.jpg",,,,,,True,False,new,Tomcat,39.43598749342606,-4.235923923296192,11.0
